{
    "piece": 999.9936204598065,
    "mobility": 4.88512418170147,
    "border": 10.024716844045567
}