{
    "piece": 20460.44867197615,
    "mobility": 10110.638573583494,
    "border": -4551.883776521362
}